Episode,Score,Random
1,47225,0.00802334
2,35500,0.0208333
3,38875,0.0150905
4,37500,0.0215164
5,37025,0.0128617
6,26475,0.0154712
7,36625,0.0207972
8,30150,0.0172684
9,41250,0.0117845
10,38075,0.00936768
11,40250,0.019958
12,39450,0.00383509
13,49275,0.00427873
14,36300,0.0162382
15,39650,0.0311558
16,22250,0.0286738
17,30775,0.0126761
