Episode,Score,Random
1,36100,0.00868621
2,38750,0.011465
3,39400,0.0175983
4,46725,0.0160338
5,32050,0.0281125
6,41350,0.0215054
7,42400,0.00713012
8,34800,0.0457227
9,36975,0.0123596
10,29275,0.0276423
