Episode,Score,Random
1,41100,0.0217842
2,38350,0.0187032
3,29050,0.0160428
4,25325,0.00683371
5,57100,0.00345821
6,37975,0.0164251
7,39075,0.0168539
8,43500,0.00960699
9,18375,0.132
10,38450,0.00256739
11,39600,0.0142388
12,30050,0.0220339
