Episode,Score,Random
1,41225,0.0179574
2,40675,0.00487805
3,41800,0.0104621
4,43100,0.0250648
5,39800,0.0112867
6,39925,0.00780488
7,29775,0.016835
8,42850,0.012987
9,39825,0.0173724
10,37700,0.0138714
11,38275,0.0159067
